coordinate	packaging	license	pom_url
androidx.activity:activity:1.9.2	aar	The Apache Software License, Version 2.0	https://dl.google.com/dl/android/maven2/androidx/activity/activity/1.9.2/activity-1.9.2.pom
androidx.activity:activity-ktx:1.9.2	aar	The Apache Software License, Version 2.0	https://dl.google.com/dl/android/maven2/androidx/activity/activity-ktx/1.9.2/activity-ktx-1.9.2.pom
androidx.annotation:annotation:1.6.0	jar	The Apache Software License, Version 2.0	https://dl.google.com/dl/android/maven2/androidx/annotation/annotation/1.6.0/annotation-1.6.0.pom
androidx.annotation:annotation-experimental:1.4.0	aar	The Apache Software License, Version 2.0	https://dl.google.com/dl/android/maven2/androidx/annotation/annotation-experimental/1.4.0/annotation-experimental-1.4.0.pom
androidx.annotation:annotation-jvm:1.6.0	jar	The Apache Software License, Version 2.0	https://dl.google.com/dl/android/maven2/androidx/annotation/annotation-jvm/1.6.0/annotation-jvm-1.6.0.pom
androidx.arch.core:core-common:2.2.0	jar	The Apache Software License, Version 2.0	https://dl.google.com/dl/android/maven2/androidx/arch/core/core-common/2.2.0/core-common-2.2.0.pom
androidx.arch.core:core-runtime:2.2.0	aar	The Apache Software License, Version 2.0	https://dl.google.com/dl/android/maven2/androidx/arch/core/core-runtime/2.2.0/core-runtime-2.2.0.pom
androidx.collection:collection:1.0.0	jar	The Apache Software License, Version 2.0	https://dl.google.com/dl/android/maven2/androidx/collection/collection/1.0.0/collection-1.0.0.pom
androidx.concurrent:concurrent-futures:1.1.0	jar	The Apache Software License, Version 2.0	https://dl.google.com/dl/android/maven2/androidx/concurrent/concurrent-futures/1.1.0/concurrent-futures-1.1.0.pom
androidx.core:core:1.13.1	aar	The Apache Software License, Version 2.0	https://dl.google.com/dl/android/maven2/androidx/core/core/1.13.1/core-1.13.1.pom
androidx.core:core-ktx:1.13.1	aar	The Apache Software License, Version 2.0	https://dl.google.com/dl/android/maven2/androidx/core/core-ktx/1.13.1/core-ktx-1.13.1.pom
androidx.interpolator:interpolator:1.0.0	aar	The Apache Software License, Version 2.0	https://dl.google.com/dl/android/maven2/androidx/interpolator/interpolator/1.0.0/interpolator-1.0.0.pom
androidx.lifecycle:lifecycle-common:2.6.2	jar	The Apache Software License, Version 2.0	https://dl.google.com/dl/android/maven2/androidx/lifecycle/lifecycle-common/2.6.2/lifecycle-common-2.6.2.pom
androidx.lifecycle:lifecycle-livedata-core:2.6.2	aar	The Apache Software License, Version 2.0	https://dl.google.com/dl/android/maven2/androidx/lifecycle/lifecycle-livedata-core/2.6.2/lifecycle-livedata-core-2.6.2.pom
androidx.lifecycle:lifecycle-runtime:2.6.2	aar	The Apache Software License, Version 2.0	https://dl.google.com/dl/android/maven2/androidx/lifecycle/lifecycle-runtime/2.6.2/lifecycle-runtime-2.6.2.pom
androidx.lifecycle:lifecycle-runtime-ktx:2.6.2	aar	The Apache Software License, Version 2.0	https://dl.google.com/dl/android/maven2/androidx/lifecycle/lifecycle-runtime-ktx/2.6.2/lifecycle-runtime-ktx-2.6.2.pom
androidx.lifecycle:lifecycle-viewmodel:2.6.2	aar	The Apache Software License, Version 2.0	https://dl.google.com/dl/android/maven2/androidx/lifecycle/lifecycle-viewmodel/2.6.2/lifecycle-viewmodel-2.6.2.pom
androidx.lifecycle:lifecycle-viewmodel-ktx:2.6.2	aar	The Apache Software License, Version 2.0	https://dl.google.com/dl/android/maven2/androidx/lifecycle/lifecycle-viewmodel-ktx/2.6.2/lifecycle-viewmodel-ktx-2.6.2.pom
androidx.lifecycle:lifecycle-viewmodel-savedstate:2.6.2	aar	The Apache Software License, Version 2.0	https://dl.google.com/dl/android/maven2/androidx/lifecycle/lifecycle-viewmodel-savedstate/2.6.2/lifecycle-viewmodel-savedstate-2.6.2.pom
androidx.profileinstaller:profileinstaller:1.3.1	aar	The Apache Software License, Version 2.0	https://dl.google.com/dl/android/maven2/androidx/profileinstaller/profileinstaller/1.3.1/profileinstaller-1.3.1.pom
androidx.savedstate:savedstate:1.2.1	aar	The Apache Software License, Version 2.0	https://dl.google.com/dl/android/maven2/androidx/savedstate/savedstate/1.2.1/savedstate-1.2.1.pom
androidx.savedstate:savedstate-ktx:1.2.1	aar	The Apache Software License, Version 2.0	https://dl.google.com/dl/android/maven2/androidx/savedstate/savedstate-ktx/1.2.1/savedstate-ktx-1.2.1.pom
androidx.startup:startup-runtime:1.1.1	aar	The Apache Software License, Version 2.0	https://dl.google.com/dl/android/maven2/androidx/startup/startup-runtime/1.1.1/startup-runtime-1.1.1.pom
androidx.tracing:tracing:1.0.0	aar	The Apache Software License, Version 2.0	https://dl.google.com/dl/android/maven2/androidx/tracing/tracing/1.0.0/tracing-1.0.0.pom
androidx.versionedparcelable:versionedparcelable:1.1.1	aar	The Apache Software License, Version 2.0	https://dl.google.com/dl/android/maven2/androidx/versionedparcelable/versionedparcelable/1.1.1/versionedparcelable-1.1.1.pom
androidx.webkit:webkit:1.11.0	aar	The Apache Software License, Version 2.0	https://dl.google.com/dl/android/maven2/androidx/webkit/webkit/1.11.0/webkit-1.11.0.pom
com.google.guava:listenablefuture:1.0	jar	Apache-2.0 (inherited from guava-parent:26.0-android)	https://repo.maven.apache.org/maven2/com/google/guava/listenablefuture/1.0/listenablefuture-1.0.pom
org.jetbrains:annotations:13.0	jar	The Apache Software License, Version 2.0	https://repo.maven.apache.org/maven2/org/jetbrains/annotations/13.0/annotations-13.0.pom
org.jetbrains.kotlin:kotlin-stdlib:1.9.24	jar	The Apache License, Version 2.0	https://repo.maven.apache.org/maven2/org/jetbrains/kotlin/kotlin-stdlib/1.9.24/kotlin-stdlib-1.9.24.pom
org.jetbrains.kotlin:kotlin-stdlib-common:1.9.24	jar	The Apache License, Version 2.0	https://repo.maven.apache.org/maven2/org/jetbrains/kotlin/kotlin-stdlib-common/1.9.24/kotlin-stdlib-common-1.9.24.pom
org.jetbrains.kotlin:kotlin-stdlib-jdk7:1.8.0	jar	The Apache License, Version 2.0	https://repo.maven.apache.org/maven2/org/jetbrains/kotlin/kotlin-stdlib-jdk7/1.8.0/kotlin-stdlib-jdk7-1.8.0.pom
org.jetbrains.kotlin:kotlin-stdlib-jdk8:1.8.0	jar	The Apache License, Version 2.0	https://repo.maven.apache.org/maven2/org/jetbrains/kotlin/kotlin-stdlib-jdk8/1.8.0/kotlin-stdlib-jdk8-1.8.0.pom
org.jetbrains.kotlinx:kotlinx-coroutines-android:1.6.4	jar	The Apache Software License, Version 2.0	https://repo.maven.apache.org/maven2/org/jetbrains/kotlinx/kotlinx-coroutines-android/1.6.4/kotlinx-coroutines-android-1.6.4.pom
org.jetbrains.kotlinx:kotlinx-coroutines-bom:1.6.4	pom	The Apache Software License, Version 2.0	https://repo.maven.apache.org/maven2/org/jetbrains/kotlinx/kotlinx-coroutines-bom/1.6.4/kotlinx-coroutines-bom-1.6.4.pom
org.jetbrains.kotlinx:kotlinx-coroutines-core:1.6.4	pom	The Apache Software License, Version 2.0	https://repo.maven.apache.org/maven2/org/jetbrains/kotlinx/kotlinx-coroutines-core/1.6.4/kotlinx-coroutines-core-1.6.4.pom
org.jetbrains.kotlinx:kotlinx-coroutines-core-jvm:1.6.4	jar	The Apache Software License, Version 2.0	https://repo.maven.apache.org/maven2/org/jetbrains/kotlinx/kotlinx-coroutines-core-jvm/1.6.4/kotlinx-coroutines-core-jvm-1.6.4.pom
